[
  {
    "value": "ultra",
    "synonyms": [
      "ultra",
      "new style",
      "fluid style"
    ]
  },
  {
    "value": "blackboard",
    "synonyms": [
      "blackboard",
      "lms",
      "learning management system"
    ]
  },
  {
    "value": "course",
    "synonyms": [
      "course",
      "class",
      "group"
    ]
  },
  {
    "value": "original",
    "synonyms": [
      "original",
      "old",
      "classic",
      "existing",
      "production"
    ]
  },
  {
    "value": "saas",
    "synonyms": [
      "saas",
      "hosting",
      "software as a service"
    ]
  }
]